Packet,State,CWND,SSTHRESH
1,slow_start,2,16
2,slow_start,1,2
3,congestion_avoidance,2,2
4,congestion_avoidance,2.5,2
5,congestion_avoidance,2.9,2
6,congestion_avoidance,3.2448275862068963,2
7,congestion_avoidance,3.5530103704789475,2
8,congestion_avoidance,3.8344618428159674,2
9,congestion_avoidance,4.095254632258779,2
10,congestion_avoidance,4.339439692724345,2
11,congestion_avoidance,4.569884190357676,2
12,congestion_avoidance,4.7887081163796905,2
13,slow_start,1,2.3943540581898453
14,slow_start,2,2.3943540581898453
15,congestion_avoidance,3,2.3943540581898453
16,congestion_avoidance,3.3333333333333335,2.3943540581898453
17,congestion_avoidance,3.6333333333333333,2.3943540581898453
18,congestion_avoidance,3.9085626911314986,2.3943540581898453
19,congestion_avoidance,4.164411216286025,2.3943540581898453
20,congestion_avoidance,4.404541200589505,2.3943540581898453
21,congestion_avoidance,4.631579603560094,2.3943540581898453
22,congestion_avoidance,4.847488663879675,2.3943540581898453
23,congestion_avoidance,5.053781049347505,2.3943540581898453
24,congestion_avoidance,5.251652700342182,2.3943540581898453
25,slow_start,1,2.625826350171091
26,slow_start,2,2.625826350171091
27,congestion_avoidance,3,2.625826350171091
28,congestion_avoidance,3.3333333333333335,2.625826350171091
29,congestion_avoidance,3.6333333333333333,2.625826350171091
30,slow_start,1,2
31,congestion_avoidance,2,2
32,congestion_avoidance,2.5,2
33,congestion_avoidance,2.9,2
34,congestion_avoidance,3.2448275862068963,2
35,congestion_avoidance,3.5530103704789475,2
36,congestion_avoidance,3.8344618428159674,2
37,congestion_avoidance,4.095254632258779,2
38,congestion_avoidance,4.339439692724345,2
39,congestion_avoidance,4.569884190357676,2
40,congestion_avoidance,4.7887081163796905,2
41,congestion_avoidance,4.997532704493449,2
42,congestion_avoidance,5.197631445038131,2
43,congestion_avoidance,5.390026771750771,2
44,congestion_avoidance,5.575554607204394,2
45,congestion_avoidance,5.754908962142979,2
46,congestion_avoidance,5.92867365704575,2
47,congestion_avoidance,6.097345447373015,2
48,congestion_avoidance,6.261351244425376,2
49,congestion_avoidance,6.4210611793839565,2
50,congestion_avoidance,6.576798676981813,2
